company_id,year,return_on_equity_pct
INDIGO,2013,17886.36
BEL,2015,17100.0
BEL,2013,15183.33
BEL,2014,13600.0
BEL,2016,11141.67
INDIGO,2014,10772.73
BEL,2017,10153.33
INDIGO,2015,4939.39
BEL,2024,4744.05
BEL,2018,4616.13
BEL,2023,3981.33
BEL,2019,3851.02
HAL,2024,3816.58
BEL,2021,3559.32
BEL,2022,3478.26
HAL,2022,3324.18
BEL,2020,3318.18
HAL,2023,3283.05
HAL,2021,2249.31
INDIGO,2018,2242.0
HAL,2020,2059.42
HAL,2017,1966.92
HAL,2019,1763.91
INDIGO,2017,1692.86
INDIGO,2016,1534.78
HAL,2018,1528.46
INDIGO,2024,892.57
PNB,2013,812.3
PNB,2013,812.3
PNB,2013,812.3
PNB,2013,812.3
PNB,2013,812.3
LT,2013,395.15
PNB,2014,393.36
PNB,2014,393.36
PNB,2014,393.36
PNB,2014,393.36
PNB,2014,393.36
LICI,2019,324.32
LT,2014,303.42
LICI,2020,270.46
LT,2015,245.11
PNB,2015,223.24
PNB,2015,223.24
PNB,2015,223.24
PNB,2015,223.24
PNB,2015,223.24
LT,2016,216.09
LT,2019,208.81
LT,2018,207.36
LT,2017,206.3
LT,2020,201.59
LT,2021,176.9
HINDUNILVR,2013,134.0
NESTLEIND,2023,121.96
INDIGO,2019,120.93
NESTLEIND,2024,117.75
HINDUNILVR,2014,111.85
NESTLEIND,2021,108.84
HINDUNILVR,2015,108.67
NESTLEIND,2020,103.12
NESTLEIND,2019,102.61
NESTLEIND,2022,97.23
HINDUNILVR,2020,82.1
LICI,2023,77.86
LT,2024,77.66999999999999
HINDUNILVR,2019,77.03
LT,2023,75.52
NAUKRI,2022,74.71
LT,2022,72.92
HINDUNILVR,2018,71.78999999999999
HINDUNILVR,2017,66.58
COALINDIA,2019,66.01
BRITANNIA,2023,65.53
HINDUNILVR,2016,63.14999999999999
LTIM,2014,61.86000000000001
PNB,2024,61.31999999999999
PNB,2024,61.31999999999999
PNB,2024,61.31999999999999
PNB,2024,61.31999999999999
PNB,2024,61.31999999999999
BRITANNIA,2022,59.27
BRITANNIA,2015,55.34
BRITANNIA,2024,54.15
BRITANNIA,2021,52.17
COALINDIA,2023,52.14
COALINDIA,2020,51.93
TCS,2024,50.94
TORNTPHARM,2016,49.6
BRITANNIA,2014,49.5
LICI,2024,49.45
ADANIPOWER,2024,48.28
NESTLEIND,2013,47.17
TCS,2023,46.78
BRITANNIA,2013,46.59
COALINDIA,2024,45.17
NESTLEIND,2018,43.75
LICI,2021,43.2
TCS,2022,43.13
HAVELLS,2016,42.95
SIEMENS,2016,42.83
LODHA,2019,42.8
LTIM,2013,41.97
NESTLEIND,2014,41.77
COALINDIA,2016,40.96
IRCTC,2023,40.6
MOTHERSON,2016,40.35
HAVELLS,2013,40.29
COALINDIA,2022,40.28
PNB,2022,39.87
PNB,2022,39.87
PNB,2022,39.87
PNB,2022,39.87
PNB,2022,39.87
TCS,2015,39.62
BRITANNIA,2016,39.44
LTIM,2016,39.34
TCS,2014,39.3
IRCTC,2020,39.04
MOTHERSON,2015,38.87
BAJAJ-AUTO,2013,38.85
BAJAJ-AUTO,2013,38.85
TCS,2020,38.57
ICICIPRULI,2013,38.25
LTIM,2015,37.96
COALINDIA,2017,37.85
TCS,2021,37.66999999999999
HDFCLIFE,2014,37.6
TATAMOTORS,2024,37.46
HEROMOTOCO,2014,37.38
TITAN,2024,37.22
MOTHERSON,2014,37.07
TITAN,2013,36.8
EICHERMOT,2016,36.63
DABUR,2013,36.56
TCS,2013,36.52
TATASTEEL,2022,36.48
LICI,2022,36.38
TRENT,2024,36.31
HEROMOTOCO,2015,36.15
ADANIPOWER,2023,35.91
NESTLEIND,2017,35.82
COALINDIA,2013,35.81
COALINDIA,2014,35.64
ICICIPRULI,2014,35.61
BPCL,2024,35.51000000000001
IRCTC,2022,35.29
TCS,2019,35.29
HEROMOTOCO,2016,35.23
TORNTPHARM,2014,34.89
COALINDIA,2018,34.88
IRCTC,2016,34.87
COALINDIA,2021,34.78
DABUR,2014,34.48999999999999
IRCTC,2024,34.4
HEROMOTOCO,2017,34.37
ASIANPAINT,2013,34.28
ASIANPAINT,2013,34.28
TCS,2016,34.23999999999999
COALINDIA,2015,34.02
HDFCLIFE,2013,33.43
HCLTECH,2014,33.39
TECHM,2014,33.35
TECHM,2014,33.35
ITC,2013,33.27
BAJAJ-AUTO,2014,33.23999999999999
BAJAJ-AUTO,2014,33.23999999999999
ITC,2014,33.05
BRITANNIA,2017,32.83
ABB,2024,32.47
ABB,2024,32.47
BPCL,2021,32.34
GODREJCP,2019,32.23
INFY,2023,31.97
DABUR,2015,31.84
BRITANNIA,2020,31.66
ASIANPAINT,2014,31.27
ASIANPAINT,2014,31.27
EICHERMOT,2017,31.19
ICICIPRULI,2015,31.15
JSWSTEEL,2022,31.11
HEROMOTOCO,2018,31.09
ICICIPRULI,2016,31.0
LTIM,2019,30.98
HDFCLIFE,2015,30.93
LTIM,2017,30.88
BPCL,2017,30.85
ITC,2015,30.81
HCLTECH,2013,30.69
PNB,2023,30.67
PNB,2023,30.67
PNB,2023,30.67
PNB,2023,30.67
PNB,2023,30.67
TORNTPHARM,2013,30.59
PIDILITIND,2016,30.59
TCS,2017,30.57
NESTLEIND,2016,30.5
TCS,2018,30.4
PNB,2021,30.39
PNB,2021,30.39
PNB,2021,30.39
PNB,2021,30.39
PNB,2021,30.39
HCLTECH,2015,30.31
TORNTPHARM,2015,30.15
ASIANPAINT,2015,30.09
ASIANPAINT,2015,30.09
DABUR,2016,30.06
INFY,2024,29.79
ABB,2023,29.77
ABB,2023,29.77
ASIANPAINT,2024,29.68
ASIANPAINT,2024,29.68
IRCTC,2015,29.5
BRITANNIA,2018,29.48
INFY,2022,29.39
TATASTEEL,2018,29.15
TITAN,2014,29.13
IRCTC,2017,29.1
BPCL,2016,29.1
BAJAJ-AUTO,2016,28.97
BAJAJ-AUTO,2016,28.97
IRCTC,2019,28.85
LTIM,2018,28.81
BAJAJFINSV,2013,28.38
ABB,2022,28.33
ABB,2022,28.33
ITC,2023,28.16
LTIM,2020,28.13
EICHERMOT,2014,27.9
EICHERMOT,2018,27.88
ITC,2024,27.85
LTIM,2022,27.65
ASIANPAINT,2016,27.63
ASIANPAINT,2016,27.63
TITAN,2023,27.63
ASIANPAINT,2020,27.38
ASIANPAINT,2020,27.38
BAJAJ-AUTO,2015,27.27
BAJAJ-AUTO,2015,27.27
BRITANNIA,2019,27.16
EICHERMOT,2012,27.07
PIDILITIND,2018,27.03
PFC,2019,26.82
HAVELLS,2014,26.77
BPCL,2018,26.74
BAJAJ-AUTO,2024,26.61
ADANIPOWER,2022,26.61
BAJAJ-AUTO,2024,26.61
LTIM,2023,26.58
ABB,2021,26.56
ABB,2021,26.56
LTIM,2021,26.53
ASIANPAINT,2017,26.51
ASIANPAINT,2017,26.51
TATAMOTORS,2013,26.51
TITAN,2015,26.46
HEROMOTOCO,2019,26.42
DABUR,2017,26.41
HDFCLIFE,2016,26.33
BAJAJFINSV,2023,26.31
NAUKRI,2021,26.28
ICICIPRULI,2017,26.26
MOTHERSON,2017,26.26
ASIANPAINT,2023,26.23
ASIANPAINT,2023,26.23
DIVISLAB,2016,26.23
TVSMOTOR,2024,26.22
PFC,2022,26.18
PFC,2024,26.16
SHREECEM,2013,26.12
HCLTECH,2017,26.12
GODREJCP,2018,26.11
DIVISLAB,2014,26.08
PFC,2021,25.86
BAJAJFINSV,2024,25.85
PIDILITIND,2013,25.68
DABUR,2019,25.67
ADANIPORTS,2013,25.63
ADANIPORTS,2013,25.63
EICHERMOT,2013,25.55
GODREJCP,2013,25.51
INFY,2021,25.44
INFY,2020,25.42
HEROMOTOCO,2020,25.4
DIVISLAB,2022,25.24
PIDILITIND,2020,25.18
PFC,2023,25.17
ABB,2014,25.13
ABB,2014,25.13
ASIANPAINT,2021,25.04
ASIANPAINT,2021,25.04
TATAMOTORS,2015,25.01
DRREDDY,2014,24.96
ASIANPAINT,2018,24.95
ASIANPAINT,2018,24.95
PIDILITIND,2017,24.86
TVSMOTOR,2018,24.83
INFY,2013,24.82
ITC,2022,24.82
TVSMOTOR,2015,24.75
EICHERMOT,2019,24.7
INFY,2018,24.69
GODREJCP,2017,24.67
ICICIPRULI,2018,24.63
NAUKRI,2018,24.5
HCLTECH,2019,24.46
ABB,2015,24.44
ABB,2015,24.44
ABB,2020,24.39
ABB,2020,24.39
INFY,2015,24.39
DIVISLAB,2015,24.37
TORNTPHARM,2024,24.15
TECHM,2013,24.09
TECHM,2013,24.09
DIVISLAB,2013,24.07
BAJAJ-AUTO,2020,24.06
BAJAJ-AUTO,2020,24.06
DRREDDY,2013,23.98
HCLTECH,2018,23.97
INFY,2014,23.93
ITC,2020,23.89
DABUR,2018,23.8
TVSMOTOR,2023,23.78
INFY,2019,23.73
DRREDDY,2015,23.71
ABB,2018,23.69
ABB,2018,23.69
TITAN,2022,23.63
TVSMOTOR,2016,23.58
BAJAJFINSV,2014,23.53
HDFCLIFE,2018,23.53
IOC,2024,23.53
ASIANPAINT,2019,23.31
ASIANPAINT,2019,23.31
NAUKRI,2019,23.28
HDFCLIFE,2017,23.18
IRCTC,2018,23.14
SUNPHARMA,2013,23.14
PIDILITIND,2014,23.05
SBILIFE,2013,23.03
HCLTECH,2024,23.01
TVSMOTOR,2017,22.96
SIEMENS,2015,22.94
LTIM,2024,22.9
TITAN,2019,22.88
MOTHERSON,2018,22.87
TVSMOTOR,2019,22.86
BAJAJ-AUTO,2017,22.84
BAJAJ-AUTO,2017,22.84
RECLTD,2014,22.79
SIEMENS,2011,22.75
HCLTECH,2023,22.7
HDFCLIFE,2019,22.65
PIDILITIND,2015,22.64
GODREJCP,2015,22.64
BAJAJFINSV,2019,22.64
ITC,2017,22.57
BPCL,2015,22.52
BPCL,2022,22.51
ABB,2019,22.41
ABB,2019,22.41
ABB,2012,22.41
TITAN,2020,22.39
PIDILITIND,2019,22.37
ASIANPAINT,2022,22.34
ASIANPAINT,2022,22.34
ADANIPORTS,2017,22.26
ITC,2016,22.26
ADANIPORTS,2017,22.26
PNB,2017,22.21
PNB,2017,22.21
PNB,2017,22.21
PNB,2017,22.21
PNB,2017,22.21
ITC,2021,22.18
EICHERMOT,2024,22.17
DABUR,2021,22.12
M&M,2014,22.11
PFC,2018,22.08
POWERGRID,2022,22.07
POWERGRID,2022,22.07
TVSMOTOR,2013,22.02
BPCL,2019,22.0
DABUR,2020,21.92
BHEL,2013,21.91
ITC,2018,21.89
RECLTD,2013,21.87
INFY,2016,21.85
HCLTECH,2022,21.84
JSWSTEEL,2018,21.83
ICICIGI,2014,21.72
BAJAJFINSV,2015,21.72
TECHM,2015,21.71
TECHM,2015,21.71
GODREJCP,2014,21.7
ITC,2019,21.7
SBILIFE,2014,21.69
TITAN,2018,21.65
M&M,2018,21.64
JSWSTEEL,2019,21.62
ADANIPORTS,2015,21.59
ADANIPORTS,2015,21.59
HCLTECH,2020,21.57
TORNTPHARM,2017,21.47
TORNTPHARM,2021,21.45
TATAMOTORS,2014,21.42
SUNPHARMA,2017,21.41
SUNPHARMA,2015,21.36
BAJAJFINSV,2017,21.36
ABB,2016,21.34
DIVISLAB,2021,21.34
ABB,2016,21.34
RECLTD,2015,21.31
TORNTPHARM,2020,21.25
BAJAJ-AUTO,2019,21.21
BAJAJ-AUTO,2019,21.21
HAVELLS,2015,21.18
BAJFINANCE,2023,21.17
ADANIPORTS,2016,21.15
ADANIPORTS,2016,21.15
HEROMOTOCO,2024,21.14
TECHM,2019,21.14
TECHM,2019,21.14
DMART,2016,21.04
SUNPHARMA,2014,20.94
TECHM,2022,20.94
TECHM,2022,20.94
BPCL,2014,20.85
INFY,2017,20.81
DABUR,2022,20.78
PIDILITIND,2024,20.78
TECHM,2016,20.75
TECHM,2016,20.75
M&M,2013,20.69
BAJAJ-AUTO,2018,20.66
BAJAJ-AUTO,2018,20.66
BAJAJFINSV,2022,20.66
BAJAJ-AUTO,2022,20.65
BAJAJ-AUTO,2022,20.65
BAJAJ-AUTO,2023,20.64
BAJAJ-AUTO,2023,20.64
BOSCHLTD,2024,20.64
BAJAJFINSV,2021,20.56
BAJAJFINSV,2016,20.41
RECLTD,2024,20.4
BAJAJFINSV,2018,20.39
BAJFINANCE,2019,20.28
ICICIGI,2015,20.27
MARUTI,2017,20.26
M&M,2023,20.18
HAVELLS,2021,20.17
HINDUNILVR,2023,20.16
PIDILITIND,2021,20.13
TORNTPHARM,2023,20.09
TECHM,2018,20.09
TECHM,2018,20.09
SBILIFE,2015,20.09
HINDUNILVR,2024,20.07
NESTLEIND,2015,19.99
ABB,2017,19.97
IOC,2017,19.97
ABB,2017,19.97
SHRIRAMFIN,2013,19.94
HAVELLS,2022,19.92
IOC,2018,19.87
ADANIPORTS,2014,19.86
ADANIPORTS,2014,19.86
PFC,2014,19.85
HDFCBANK,2014,19.85
BOSCHLTD,2017,19.79
DIVISLAB,2017,19.79
MOTHERSON,2013,19.75
DRREDDY,2024,19.74
TVSMOTOR,2020,19.71
RECLTD,2016,19.7
APOLLOHOSP,2022,19.7
RECLTD,2022,19.56
GODREJCP,2016,19.48
ICICIGI,2020,19.47
IOC,2021,19.46
DIVISLAB,2019,19.45
EICHERMOT,2023,19.44
ICICIGI,2019,19.43
ICICIGI,2021,19.38
DRREDDY,2023,19.35
GAIL,2020,19.31
CHOLAFIN,2019,19.28
IOC,2022,19.27
TITAN,2016,19.25
GRASIM,2013,19.22
RECLTD,2023,19.21
GAIL,2022,19.19
PFC,2020,19.18
BAJAJFINSV,2020,19.15
MOTHERSON,2019,19.14
RECLTD,2021,19.14
BAJFINANCE,2017,19.13
HEROMOTOCO,2021,19.05
HDFCLIFE,2020,19.05
ONGC,2022,19.0
JINDALSTEL,2022,18.99
ICICIGI,2018,18.98
DABUR,2023,18.96
GODREJCP,2020,18.95
ICICIGI,2013,18.88
ADANIENSOL,2018,18.87
PIDILITIND,2022,18.85
HDFCBANK,2013,18.84
BAJFINANCE,2024,18.84
DIVISLAB,2020,18.84
HAVELLS,2019,18.77
RECLTD,2017,18.75
PFC,2013,18.74
ADANIGREEN,2022,18.71
BAJFINANCE,2015,18.71
HCLTECH,2021,18.64
SHRIRAMFIN,2018,18.62
CHOLAFIN,2023,18.58
POWERGRID,2023,18.57
POWERGRID,2023,18.57
M&M,2024,18.54
PFC,2015,18.52
MARUTI,2018,18.52
DABUR,2024,18.36
EICHERMOT,2020,18.3
CHOLAFIN,2022,18.3
GODREJCP,2021,18.23
BOSCHLTD,2015,18.21
HINDUNILVR,2022,18.12
JSWENERGY,2015,18.06
ICICIGI,2017,18.0
ICICIBANK,2024,17.99
MARUTI,2016,17.95
BAJAJHLDNG,2013,17.94
CHOLAFIN,2018,17.91
POWERGRID,2024,17.87
PIDILITIND,2023,17.87
TECHM,2020,17.87
TECHM,2020,17.87
POWERGRID,2024,17.87
SBILIFE,2016,17.83
BAJAJ-AUTO,2021,17.81
BAJAJ-AUTO,2021,17.81
HAVELLS,2018,17.72
SIEMENS,2024,17.7
LODHA,2016,17.69
DMART,2015,17.67
ADANIPORTS,2018,17.65
ADANIPORTS,2018,17.65
ULTRACEMCO,2013,17.65
SBILIFE,2018,17.62
HINDALCO,2022,17.56
SBILIFE,2019,17.52
TECHM,2021,17.51
BOSCHLTD,2019,17.51
TECHM,2021,17.51
CHOLAFIN,2024,17.46
TECHM,2023,17.39
TECHM,2023,17.39
SHREECEM,2017,17.39
TECHM,2017,17.35
TECHM,2017,17.35
DMART,2018,17.26
HDFCBANK,2016,17.25
BAJFINANCE,2016,17.22
POWERGRID,2021,17.21
POWERGRID,2021,17.21
SBILIFE,2017,17.2
BOSCHLTD,2012,17.19
PFC,2016,17.16
SUNPHARMA,2016,17.15
CIPLA,2013,17.13
POWERGRID,2020,17.09
POWERGRID,2020,17.09
HAVELLS,2024,17.07
HAVELLS,2020,17.05
POWERGRID,2019,16.98
POWERGRID,2019,16.98
HDFCBANK,2015,16.95
DRREDDY,2016,16.95
ONGC,2024,16.94
HDFCBANK,2018,16.94
INDUSINDBK,2015,16.85
JSWSTEEL,2021,16.84
DMART,2014,16.84
HEROMOTOCO,2023,16.81
HINDUNILVR,2021,16.78
CANBK,2024,16.72
CHOLAFIN,2017,16.71
SHREECEM,2014,16.71
HDFCBANK,2017,16.69
RECLTD,2019,16.62
TVSMOTOR,2022,16.61
ADANIPORTS,2019,16.6
CHOLAFIN,2015,16.6
ADANIPORTS,2019,16.6
ADANIPORTS,2021,16.59
ADANIPORTS,2021,16.59
ICICIPRULI,2019,16.58
BAJAJHLDNG,2014,16.57
ICICIGI,2023,16.55
ICICIBANK,2023,16.53
TITAN,2017,16.47
AXISBANK,2015,16.37
POWERGRID,2013,16.34
POWERGRID,2013,16.34
LODHA,2020,16.3
BAJFINANCE,2020,16.28
SBILIFE,2020,16.26
MARUTI,2019,16.25
AXISBANK,2014,16.19
HAVELLS,2023,16.18
SHRIRAMFIN,2019,16.14
DMART,2019,16.14
TVSMOTOR,2014,16.11
CHOLAFIN,2014,16.09
BAJFINANCE,2022,16.08
BOSCHLTD,2016,16.06
SHRIRAMFIN,2014,15.96
HDFCBANK,2023,15.94
TATAPOWER,2018,15.92
TVSMOTOR,2021,15.89
BHARTIARTL,2023,15.84
CHOLAFIN,2021,15.84
AXISBANK,2024,15.83
CHOLAFIN,2013,15.78
BANKBARODA,2024,15.76
MARUTI,2024,15.75
HDFCLIFE,2021,15.75
BAJFINANCE,2018,15.75
ONGC,2013,15.73
ICICIGI,2024,15.72
CHOLAFIN,2016,15.67
MARUTI,2015,15.66
ICICIGI,2016,15.66
ONGC,2019,15.64
AXISBANK,2013,15.62
INDUSINDBK,2014,15.57
SHREECEM,2018,15.56
CIPLA,2024,15.55
NTPC,2013,15.49
ONGC,2014,15.49
HDFCBANK,2020,15.48
HDFCBANK,2022,15.43
GODREJCP,2022,15.43
LODHA,2018,15.41
M&M,2022,15.39
AXISBANK,2016,15.36
IOC,2019,15.36
ADANIPORTS,2024,15.35
ADANIPORTS,2024,15.35
JSWSTEEL,2017,15.31
ICICIBANK,2014,15.28
ICICIBANK,2015,15.28
SUNPHARMA,2023,15.2
TRENT,2023,15.18
HDFCBANK,2021,15.18
SHREECEM,2021,15.18
GAIL,2013,15.17
BAJAJHLDNG,2015,15.15
INDUSINDBK,2018,15.13
SHRIRAMFIN,2024,15.12
SUNPHARMA,2024,15.09
HAVELLS,2017,15.08
POWERGRID,2018,15.07
POWERGRID,2018,15.07
JSWENERGY,2016,15.05
M&M,2019,15.05
ONGC,2017,15.01
SIEMENS,2023,14.99
POWERGRID,2017,14.94
POWERGRID,2017,14.94
ADANIPORTS,2020,14.87
ADANIPORTS,2020,14.87
IRFC,2022,14.85
BAJAJHLDNG,2016,14.81
DIVISLAB,2018,14.8
GRASIM,2022,14.8
DMART,2023,14.79
ICICIPRULI,2020,14.79
TATAMOTORS,2016,14.79
SIEMENS,2017,14.79
AMBUJACEM,2014,14.77
IRFC,2018,14.75
GAIL,2014,14.75
ICICIBANK,2013,14.73
ULTRACEMCO,2020,14.73
HEROMOTOCO,2022,14.7
AMBUJACEM,2012,14.69
TORNTPHARM,2018,14.67
KOTAKBANK,2013,14.66
AMBUJACEM,2021,14.64
HDFCBANK,2019,14.61
ICICIBANK,2022,14.58
ULTRACEMCO,2022,14.54
CANBK,2023,14.53
JSWENERGY,2013,14.52
BANKBARODA,2013,14.51
LODHA,2017,14.48
ADANIENSOL,2021,14.46
HDFCBANK,2024,14.34
DIVISLAB,2023,14.29
BANKBARODA,2023,14.28
INDUSINDBK,2024,14.25
TATAPOWER,2019,14.24
GAIL,2019,14.24
UNIONBANK,2024,14.14
ADANIENSOL,2017,14.12
GRASIM,2023,14.07
BOSCHLTD,2013,14.06
RECLTD,2020,14.05
KOTAKBANK,2024,14.01
KOTAKBANK,2015,14.01
SBILIFE,2021,14.0
CIPLA,2014,13.97
INDUSINDBK,2013,13.91
DRREDDY,2019,13.9
JINDALSTEL,2013,13.89
INDUSINDBK,2017,13.89
BAJAJHLDNG,2017,13.88
SHRIRAMFIN,2020,13.85
SHRIRAMFIN,2023,13.84
ICICIGI,2022,13.83
IOC,2016,13.8
IRFC,2023,13.8
SIEMENS,2014,13.78
ADANIENSOL,2016,13.77
BOSCHLTD,2018,13.74
GRASIM,2014,13.67
RECLTD,2018,13.66
AMBUJACEM,2020,13.65
APOLLOHOSP,2023,13.62
M&M,2017,13.6
BAJAJHLDNG,2024,13.58
DMART,2024,13.56
POWERGRID,2016,13.55
POWERGRID,2016,13.55
GRASIM,2017,13.53
INDUSINDBK,2023,13.53
AMBUJACEM,2013,13.51
APOLLOHOSP,2024,13.48
M&M,2016,13.42
JINDALSTEL,2024,13.41
JINDALSTEL,2021,13.41
KOTAKBANK,2023,13.35
ADANIGREEN,2023,13.32
BANKBARODA,2014,13.31
EICHERMOT,2022,13.3
SIEMENS,2022,13.29
AMBUJACEM,2018,13.29
MARUTI,2014,13.28
NTPC,2024,13.27
KOTAKBANK,2014,13.24
TATASTEEL,2019,13.23
TATAPOWER,2023,13.23
TATAPOWER,2024,13.23
SBILIFE,2023,13.22
POWERGRID,2015,13.13
POWERGRID,2015,13.13
POWERGRID,2014,13.11
POWERGRID,2014,13.11
M&M,2015,13.08
NTPC,2014,13.06
TORNTPHARM,2022,13.05
CIPLA,2021,13.04
KOTAKBANK,2017,13.04
IRFC,2024,13.04
TATAMOTORS,2017,13.02
TITAN,2021,12.99
DRREDDY,2020,12.99
MARUTI,2013,12.98
SBILIFE,2022,12.96
BOSCHLTD,2023,12.93
APOLLOHOSP,2020,12.93
INDUSINDBK,2016,12.92
ICICIBANK,2021,12.92
KOTAKBANK,2020,12.9
RELIANCE,2016,12.9
ULTRACEMCO,2014,12.88
GAIL,2024,12.86
CHOLAFIN,2020,12.85
IRCTC,2021,12.84
ADANIGREEN,2024,12.81
ONGC,2018,12.78
INDUSINDBK,2020,12.73
SHREECEM,2023,12.71
SBILIFE,2024,12.7
BHARTIARTL,2015,12.69
DLF,2018,12.68
GRASIM,2016,12.6
NTPC,2019,12.6
NTPC,2022,12.53
KOTAKBANK,2022,12.51
NAUKRI,2013,12.5
MOTHERSON,2021,12.49
BHARTIARTL,2022,12.48
DMART,2017,12.47
KOTAKBANK,2019,12.47
ADANIENSOL,2022,12.47
KOTAKBANK,2018,12.4
UNIONBANK,2013,12.39
INDUSINDBK,2019,12.37
ULTRACEMCO,2021,12.36
GODREJCP,2023,12.34
IRFC,2021,12.3
RELIANCE,2018,12.29
CIPLA,2022,12.22
NTPC,2015,12.17
SIEMENS,2019,12.14
CIPLA,2023,12.1
CIPLA,2016,12.01
NHPC,2017,11.99
BAJFINANCE,2021,11.97
DMART,2013,11.91
CANBK,2013,11.9
NTPC,2021,11.9
ADANIPORTS,2023,11.88
ADANIPORTS,2023,11.88
KOTAKBANK,2021,11.85
ADANIPORTS,2022,11.84
ADANIPORTS,2022,11.84
DIVISLAB,2024,11.79
EICHERMOT,2021,11.78
NTPC,2016,11.77
DMART,2020,11.74
GRASIM,2020,11.72
SHREECEM,2020,11.72
ONGC,2023,11.68
NTPC,2023,11.65
SHRIRAMFIN,2016,11.64
ULTRACEMCO,2024,11.63
ICICIBANK,2016,11.61
JSWENERGY,2014,11.57
AMBUJACEM,2019,11.56
GAIL,2021,11.55
MOTHERSON,2024,11.55
JSWSTEEL,2024,11.55
BPCL,2013,11.54
NHPC,2023,11.53
GAIL,2018,11.53
SHRIRAMFIN,2021,11.51
MOTHERSON,2020,11.49
MARUTI,2020,11.49
RELIANCE,2013,11.47
AMBUJACEM,2024,11.43
BOSCHLTD,2022,11.39
CIPLA,2015,11.38
DRREDDY,2022,11.36
RELIANCE,2014,11.35
BAJAJHLDNG,2019,11.31
RELIANCE,2017,11.31
ULTRACEMCO,2016,11.3
GRASIM,2024,11.2
BAJAJHLDNG,2023,11.19
SHRIRAMFIN,2017,11.17
GRASIM,2015,11.16
ADANIENT,2014,11.14
ULTRACEMCO,2017,11.13
HINDALCO,2018,11.09
SHRIRAMFIN,2015,11.09
BAJAJHLDNG,2020,11.09
MARUTI,2023,11.08
DRREDDY,2021,11.07
ULTRACEMCO,2015,11.04
TATASTEEL,2021,11.03
APOLLOHOSP,2013,11.03
AXISBANK,2022,11.01
NTPC,2017,10.95
DMART,2022,10.91
ADANIENSOL,2023,10.9
NHPC,2021,10.89
SIEMENS,2018,10.86
ICICIBANK,2017,10.84
RELIANCE,2015,10.82
NHPC,2022,10.81
UNIONBANK,2023,10.8
HDFCLIFE,2024,10.73
JSWSTEEL,2020,10.71
GRASIM,2021,10.67
NHPC,2020,10.66
HINDALCO,2023,10.65
APOLLOHOSP,2014,10.58
KOTAKBANK,2016,10.56
BHEL,2014,10.56
APOLLOHOSP,2015,10.56
DRREDDY,2017,10.54
IRFC,2020,10.54
BAJAJHLDNG,2018,10.54
HDFCLIFE,2023,10.53
SIEMENS,2021,10.52
ICICIPRULI,2021,10.5
SHREECEM,2019,10.5
SHRIRAMFIN,2022,10.43
NHPC,2024,10.41
BHARTIARTL,2024,10.36
RELIANCE,2023,10.35
BHARTIARTL,2016,10.32
RELIANCE,2019,10.29
JINDALSTEL,2023,10.27
IOC,2014,10.26
NTPC,2018,10.14
BPCL,2020,10.04
NTPC,2020,10.02
JSWENERGY,2022,10.01
LODHA,2022,9.98
RELIANCE,2024,9.96
CIPLA,2018,9.96
CIPLA,2019,9.94
BAJAJHLDNG,2021,9.83
ONGC,2015,9.81
ADANIPOWER,2021,9.69
INDUSINDBK,2022,9.67
ONGC,2021,9.67
NHPC,2013,9.64
BAJAJHLDNG,2022,9.63
TATAPOWER,2022,9.61
HINDALCO,2024,9.57
HINDALCO,2019,9.56
TATAMOTORS,2018,9.53
CIPLA,2020,9.52
ADANIENSOL,2024,9.46
AMBUJACEM,2017,9.41
BANKBARODA,2015,9.4
ULTRACEMCO,2023,9.34
GAIL,2015,9.29
JSWENERGY,2020,9.28
NHPC,2018,9.27
TATACONSUM,2013,9.25
TORNTPHARM,2019,9.23
SUNPHARMA,2020,9.22
NHPC,2019,9.21
ICICIBANK,2020,9.13
NHPC,2015,9.1
TRENT,2015,9.07
UNIONBANK,2014,9.05
TATASTEEL,2014,9.04
DMART,2021,9.02
CANBK,2015,9.02
IRFC,2019,9.01
TECHM,2024,8.99
TECHM,2024,8.99
ADANIENT,2015,8.93
NAUKRI,2014,8.93
UNIONBANK,2015,8.9
LODHA,2024,8.9
RELIANCE,2020,8.88
CANBK,2014,8.85
CANBK,2022,8.799999999999999
TATACONSUM,2014,8.72
RELIANCE,2022,8.7
BANKBARODA,2022,8.64
GAIL,2023,8.62
GAIL,2017,8.58
ADANIENT,2024,8.53
HINDALCO,2013,8.51
HDFCLIFE,2022,8.5
ULTRACEMCO,2018,8.43
JINDALSTEL,2014,8.39
IOC,2023,8.38
SHREECEM,2024,8.37
MARUTI,2021,8.36
TATAPOWER,2017,8.32
ADANIENSOL,2020,8.309999999999999
ICICIPRULI,2022,8.290000000000001
JSWENERGY,2024,8.28
ADANIGREEN,2021,8.27
CIPLA,2017,8.25
ICICIBANK,2018,8.23
TATACONSUM,2023,8.110000000000001
SIEMENS,2020,8.1
SHREECEM,2015,8.07
ICICIPRULI,2023,8.06
JSWENERGY,2023,7.94
TATACONSUM,2018,7.91
AMBUJACEM,2015,7.870000000000001
TATASTEEL,2023,7.829999999999999
IRFC,2017,7.779999999999999
SUNPHARMA,2019,7.75
ICICIPRULI,2024,7.73
JSWSTEEL,2015,7.73
RELIANCE,2021,7.68
NAUKRI,2016,7.649999999999999
TATACONSUM,2024,7.57
DRREDDY,2018,7.53
ADANIENT,2016,7.470000000000001
NHPC,2016,7.470000000000001
MOTHERSON,2023,7.44
UNIONBANK,2022,7.430000000000001
AXISBANK,2023,7.380000000000001
ADANIPOWER,2016,7.380000000000001
IRFC,2016,7.37
ADANIENT,2023,7.33
SHREECEM,2022,7.27
TATACONSUM,2017,7.26
AMBUJACEM,2016,7.23
ULTRACEMCO,2019,7.109999999999999
IOC,2015,7.08
SUNPHARMA,2022,7.06
APOLLOHOSP,2016,7.049999999999999
BOSCHLTD,2020,7.01
MARUTI,2022,7.01
ADANIENSOL,2019,6.950000000000001
DLF,2024,6.909999999999999
AXISBANK,2019,6.9
TATAPOWER,2016,6.76
TATAPOWER,2020,6.73
TATACONSUM,2022,6.7
SUNPHARMA,2018,6.63
ONGC,2016,6.619999999999999
ADANIENT,2017,6.54
INDUSINDBK,2021,6.54
AXISBANK,2017,6.529999999999999
HINDALCO,2020,6.460000000000001
TATAPOWER,2021,6.45
GRASIM,2018,6.43
TATACONSUM,2021,6.4
AXISBANK,2021,6.36
JSWSTEEL,2023,6.3
BHARTIARTL,2017,6.29
TATACONSUM,2019,6.23
ADANIENT,2020,6.140000000000001
PNB,2020,6.1
PNB,2020,6.1
ADANIENT,2021,6.1
PNB,2020,6.1
PNB,2020,6.1
PNB,2020,6.1
PFC,2017,6.069999999999999
JSWENERGY,2017,6.01
APOLLOHOSP,2019,6.0
TATAMOTORS,2023,5.94
UNIONBANK,2016,5.84
JSWENERGY,2019,5.79
NHPC,2014,5.779999999999999
TRENT,2019,5.77
IOC,2013,5.75
MOTHERSON,2022,5.74
ADANIENT,2013,5.69
JSWENERGY,2021,5.67
ONGC,2020,5.59
TRENT,2017,5.489999999999999
TRENT,2018,5.45
JSWSTEEL,2013,5.44
HINDALCO,2014,5.41
DLF,2023,5.4
HINDALCO,2021,5.23
GAIL,2016,5.149999999999999
BHARTIARTL,2014,5.050000000000001
ICICIBANK,2019,4.98
TATACONSUM,2015,4.97
BOSCHLTD,2021,4.91
SUNPHARMA,2021,4.89
CANBK,2021,4.74
GRASIM,2019,4.73
BHARTIARTL,2013,4.5
TRENT,2020,4.44
UNIONBANK,2021,4.42
BANKBARODA,2017,4.31
BHEL,2015,4.24
DLF,2022,4.130000000000001
HINDALCO,2017,4.09
CANBK,2017,4.07
BPCL,2023,3.98
APOLLOHOSP,2017,3.95
ADANIENT,2018,3.94
DLF,2019,3.91
LODHA,2023,3.87
TRENT,2016,3.76
M&M,2021,3.64
ADANIENT,2022,3.54
ADANIENT,2019,3.43
TATACONSUM,2020,3.330000000000001
BHEL,2019,3.24
TATAPOWER,2015,3.19
BHARTIARTL,2018,3.14
DLF,2021,3.06
APOLLOHOSP,2021,2.98
DLF,2017,2.88
BHEL,2023,2.68
DLF,2013,2.59
UNIONBANK,2017,2.38
BHARTIARTL,2019,2.36
DLF,2014,2.15
BANKBARODA,2019,2.12
BANKBARODA,2021,1.97
NAUKRI,2024,1.97
JSWSTEEL,2014,1.9
AXISBANK,2020,1.88
CANBK,2019,1.85
APOLLOHOSP,2018,1.85
DLF,2015,1.85
BHEL,2022,1.68
TATASTEEL,2020,1.6
TRENT,2022,1.48
BHEL,2017,1.4
BHEL,2018,1.35
BANKBARODA,2020,1.29
DLF,2016,1.27
BHEL,2024,1.15
JIOFIN,2024,1.15
LODHA,2021,1.04
TATAPOWER,2013,1.0
JSWENERGY,2018,0.77
HINDALCO,2015,0.6799999999999999
AXISBANK,2018,0.43
TATAPOWER,2014,0.1
JIOFIN,2023,0.03
ADANIENSOL,2014,0.0
NAUKRI,2023,-0.52
TATACONSUM,2016,-0.59
ADANIENSOL,2015,-0.65
M&M,2020,-0.8
NAUKRI,2015,-0.99
TATASTEEL,2016,-1.14
JINDALSTEL,2020,-1.24
DLF,2020,-1.71
HINDALCO,2016,-1.73
TRENT,2014,-1.92
IOC,2020,-1.97
BHEL,2016,-2.18
TRENT,2013,-2.19
JSWSTEEL,2016,-2.54
NAUKRI,2017,-2.7
ADANIGREEN,2020,-2.89
ADANIGREEN,2017,-3.91
BANKBARODA,2018,-3.94
ADANIPOWER,2014,-4.45
GODREJCP,2024,-4.45
CANBK,2020,-4.66
BHEL,2020,-5.12
JINDALSTEL,2018,-5.319999999999999
TATASTEEL,2024,-5.33
JINDALSTEL,2015,-6.9
JINDALSTEL,2019,-7.52
CANBK,2016,-7.82
TRENT,2021,-7.829999999999999
JINDALSTEL,2017,-8.450000000000001
UNIONBANK,2020,-9.18
JINDALSTEL,2016,-9.52
ADANIGREEN,2018,-10.29
BHEL,2021,-10.39
CANBK,2018,-10.5
UNIONBANK,2019,-10.89
TATASTEEL,2017,-11.02
NAUKRI,2020,-11.21
BANKBARODA,2016,-11.84
TATASTEEL,2015,-12.56
ADANIPOWER,2019,-12.76
ADANIPOWER,2015,-14.25
TATAMOTORS,2020,-18.98
UNIONBANK,2018,-20.64
BHARTIARTL,2021,-20.97
TATASTEEL,2013,-21.28
TATAMOTORS,2021,-24.25
ADANIGREEN,2019,-24.57
TATAMOTORS,2022,-25.38
ADANIPOWER,2020,-35.09999999999999
BHARTIARTL,2020,-39.75
INDIGO,2023,-40.8
TATAMOTORS,2019,-47.73
INDIGO,2022,-48.77
ADANIPOWER,2013,-53.45999999999999
PNB,2019,-128.45
PNB,2019,-128.45
PNB,2019,-128.45
PNB,2019,-128.45
PNB,2019,-128.45
INDIGO,2020,-138.55
PNB,2016,-163.56
PNB,2016,-163.56
PNB,2016,-163.56
PNB,2016,-163.56
PNB,2016,-163.56
PNB,2018,-184.37
PNB,2018,-184.37
PNB,2018,-184.37
PNB,2018,-184.37
PNB,2018,-184.37
ADANIPOWER,2017,-205.8
ADANIPOWER,2018,-236.56
INDIGO,2021,-1094.15
